{
  "project_info": {
    "project_number": "810798319451",
    "firebase_url": "https://fir-app-9e927.firebaseio.com",
    "project_id": "fir-app-9e927",
    "storage_bucket": "fir-app-9e927.appspot.com"
  },
  "client": [
    {
      "client_info": {
        "mobilesdk_app_id": "1:810798319451:android:0c1d971588652329",
        "android_client_info": {
          "package_name": "com.sparsh.fireapp"
        }
      },
      "oauth_client": [
        {
          "client_id": "810798319451-96gr1arudbre7d0b3iad3m3f0uppkivs.apps.googleusercontent.com",
          "client_type": 3
        }
      ],
      "api_key": [
        {
          "current_key": "AIzaSyDx-v9jjSuBmByidxrShb7vgGfIXDBhIWM"
        }
      ],
      "services": {
        "appinvite_service": {
          "other_platform_oauth_client": [
            {
              "client_id": "810798319451-96gr1arudbre7d0b3iad3m3f0uppkivs.apps.googleusercontent.com",
              "client_type": 3
            }
          ]
        }
      }
    }
  ],
  "configuration_version": "1"
}